{
  "GameplaySettings": {
    "ContinuousDekuHopping": [["Enabled", "Disabled"], [0, 100]],
    "IronGoron": [["Enabled", "Disabled"], [0, 100]],
    "ClimbMostSurfaces": [["Enabled", "Disabled"], [0, 100]],
    "GiantMaskAnywhere": [["Active", "No change"], [0, 100]],
    "AddSongs": [["No change", "Mix songs with items"], [65, 35]],
    "RandomizeEnemies": [["No change", "Shuffled"], [100, 0]],
    "TrapAmount": [["None", "Normal", "Extra", "Mayhem", "Onslaught"], [100, 0, 0, 0, 0]],
    "TrapWeights": {"Ice": 1,
      "Bomb": 1,
      "Rupoor": 1,
      "Nothing": 1},
    "DamageMode": [["Default", "Double", "Quadruple", "OHKO", "Doom"], [100, 0, 0, 0, 0]],
    "DamageEffect": [["Default", "Fire", "Ice", "Shock", "Random"], [100, 0, 0, 0, 0]],
    "MovementMode": [["Default", "HighSpeed", "SuperLowGravity", "Low Gravity", "HighGravity"], [100, 0, 0, 0, 0]],
    "FloorType": [["Default", "Sand", "Ice", "Snow", "Knockdown" ,"Random"], [100, 0, 0, 0, 0, 0]],
    "ClockSpeed": [["Default", "VerySlow", "Slow", "Fast", "VeryFast", "SuperFast"], [100, 0, 0, 0, 0, 0]],
    "EnableSunsSong": [["Enabled", "Disabled"], [0, 100]],
    "AllowFierceDeityAnywhere": [["No change", "Active"], [55, 45]],
    "HookshotAnySurface": [["Enabled", "Disabled"], [0, 100]],
    "Character": [["LinkMM", "AdultLink", "LinkOOT", "Kafei"], [100, 0, 0, 0]],

    "StartingBossRemains": [["No change","One","Two"], [100,0,0]],
    "StartingSwordShield": [["No change", "Shuffled"], [75, 25]],
    "StartingRandomItems": [["No change", "Deku Mask", "Goron Mask", "Zora Mask", "Fierce Deity's Mask", "Bow", "Hookshot", "Bomb Bag", "Blast Mask", "Adult's Wallet", "Empty Bottle (Dampe's)", "Bunny Hood", "Great Fairy's Sword", "Magic"], [0,10,10,10,10,10,10,5,5,10,10,5,5,0]],
    "StartingRandomSong": [["No change", "Epona's Song", "Song of Healing", "Song of Storms", "Sonata of Awakening", "Goron Lullaby", "New Wave Bossa Nova", "Elegy of Emptiness", "Oath to Order"], [0,40,10,10,10,10,10,10,0]],

    "Soilsanity": [["No change", "Shuffled"], [70, 30]],
    "Cowsanity": [["No change", "Shuffled"], [70, 30]],
    "StrayFairysanity": [["No change", "Most chest fairies + CT", "All stray fairies"], [0, 70, 30]],
    "RandomizeDungeonEntrances": [["No change", "Shuffled"], [55, 45]],
    "RandomizeBossRooms": [["No change", "Shuffled"], [70, 30]],
    "SmallKeyMode": [["Keysy", "Vanilla", "Shuffled within their temple", "Shuffled within any temple", "Shuffled within area", "Shuffled anywhere"], [60,0,20,20,0,0]],
    "BossKeyMode": [["Keysy","Vanilla", "Shuffled within their temple", "Shuffled within any temple", "Shuffled within area", "Shuffled anywhere"], [50,0,30,20,0,0]],
    "Scoopsanity": [["No change", "Shuffled with scoops"], [75, 25]],
    "HitSpotShuffle": [["No change", "One Rupee each", "All Rupees"], [70,25,5]],
    "Tokensanity": [["No change","One house","Both houses"], [80,15,5]],
    "TokenHouse": [["SSH","OSH"],[1,1]],
    "CratesandBarrelsShuffle": [["No change","Shuffled"], [70,30]],
    "KeatonGrassShuffle": [["No change","Shuffled"], [75,25]],
    "GossipFairyShuffle": [["No change","Shuffled"], [100,0]],
    "ButterflyFairyShuffle": [["No change","Shuffled"], [75,25]],
    "LongQuestShuffle": [["No change", "Anju and Kafei", "Baby Zoras", "Frog Choir", "All Long Quests"], [35,20,15,30,0]],
    "FrogShuffle": [["No change", "Shuffled"], [65, 35]],
    "LooseRupeeShuffle": [["No change", "Temple Red only", "All Red", "All Red and Blue", "All Red, Blue, and Green"], [60,10,10,10,10]],
    "Snowsanity": [["No change","Any-day snowballs","All shuffled"], [85,15,0]],
    "Potsanity": [["No change", "Temples and side dungeons", "All but fairies/owls shuffled"], [80, 10, 10]],
    "MundaneShuffle": [["No change", "Shuffled"], [75, 25]],
    "ExtraMiniGameShuffle": [["No change", "Swamp 2 + Full TCG + Extra", "All shuffled"], [80, 20, 0]],
    "NotebookShuffle": [["No change", "Meetings only", "All shuffled"], [80, 10, 10]],

    "Shopsanity": [["No change", "Late Shopsanity", "Full Shopsanity"], [60, 20, 20]],
    "NoShopsanityPriceShuffle": [["No change", "Shuffle purchase prices", "Randomize purchase prices"], [70,20,10]],
    "LateShopsanityPriceShuffle": [["No change", "Shuffle purchase prices", "Randomize purchase prices"], [50,35,15]],
    "FullShopsanityPriceShuffle": [["No change", "Shuffle purchase prices", "Randomize purchase prices"], [10,65,25]],

    "BossRemainsMode": [["Anywhere", "Regional"], [100, 0]],

    "HardOptionsLimit": 2,
    "HardOptionLimitBonus": false,
    "MinimumNonZeroCategories": 5
  }
}