{
  "GameplaySettings": {
    "CloseCows": true,
    "ArrowCycling": true,
    "CritWiggleDisable": false,
    "DrawHash": true,
    "ElegySpeedup": true,
    "FastPush": true,
    "TrapQuirks": false,
    "UpdateWorldModels": true,
    "OcarinaUnderwater": true,
    "QuestItemStorage": true,
    "ContinuousDekuHopping": false,
    "IronGoron": false,
    "UpdateShopAppearance": true,
    "ProgressiveUpgrades": true,
    "TargetHealthBar": false,
    "ClimbMostSurfaces": false,
    "FreeScarecrow": false,
    "FillWallet": false,
    "AutoInvert": "Never",
    "GiantMaskAnywhere": false,
    "DoubleArcheryRewards": true,
    "HiddenRupeesSparkle": true,
    "ChestGameMinimap": "Minimal",
    "SaferGlitches": true,
    "BombchuDrops": false,
    "InstantTransform": false,
    "BombArrows": false,
    "FewerHealthDrops": false,
    "EasyFrameByFrame": false,
    "FairyMaskShimmer": true,
    "SkulltulaTokenSounds": false,
    "TakeDamageOnEpona": false,
    "TakeDamageWhileShielding": false,
    "TakeDamageFromVoid": false,
    "TakeDamageFromDog": false,
    "TakeDamageFromGorons": false,
    "TakeDamageGettingCaught": false,
    "TakeDamageFromGibdosFaster": false,
    "TakeDamageFromDexihands": false,
    "RequiredBossRemains": 4,
    "LogicMode": "Casual",
    "ItemPlacement": "Random",
    "EnabledTricks": [
      "Exit Ocean Spider House without Goron",
      "Lensless Chests",
      "Lensless Walking",
      "Lensless Walls/Ceilings",
      "Pinnacle Rock without Seahorse",
      "Run Through Poisoned Water",
      "WFT 2nd Floor Skip",
      "Climb Stone Tower with One Transformation",
      "Deku Palace Bean Skip",
      "Skull Kid With FD",
      "Straw Roof as FD",
      "Big Octo Skip as FD",
      "Powder Keg Challenge Access as FD",
      "Path to Snowhead as FD",
      "Path to Snowhead Pillar as FD",
      "Climb Stone Tower as FD"
    ],
    "AddSongs": false,
    "RandomizeDungeonEntrances": false,
    "RandomizeBossRooms": false,
    "RandomizeEnemies": false,
    "StartingItemMode": "None",
    "SmallKeyMode": "DoorsOpen, KeepThroughTime",
    "BossKeyMode": "DoorsOpen, KeepThroughTime",
    "StrayFairyMode": "Default",
    "BossRemainsMode": "Default",
    "PriceMode": "None",
    "DungeonNavigationMode": "Default",
    "VictoryMode": "DirectToCredits, Fairies",
    "CustomItemListString": "-----f00000--------------------40c-bfbb83f0-7f003802---21ffff-ffffffff-ffffffff-f0000000-7fffffff-7fffffff-eef1fffe-ffffffff",
    "CustomStartingItemListString": "3e0000--1fbfc-5800020-",
    "CustomJunkLocationsString": "--------------------------447c0f-80ffc7fc---200000----86-80c00000-8000201-80000001",
    "TrapAmount": "None",
    "TrapWeights": {},
    "TrapAppearance": "MajorItems",
    "DamageMode": "Default",
    "DamageEffect": "Default",
    "MovementMode": "Default",
    "FloorType": "Default",
    "NutandStickDrops": "Default",
    "ClockSpeed": "Default",
    "HideClock": false,
    "BlastMaskCooldown": "Default",
    "EnableSunsSong": false,
    "AllowFierceDeityAnywhere": false,
    "ByoAmmo": false,
    "DeathMoonCrash": false,
    "MoonCrashErasesFile": false,
    "HookshotAnySurface": false,
    "VanillaMoonTrialAccess": false,
    "ShortenCutsceneSettings": {
      "General": "BlastMaskThief, BoatArchery, FishermanGame, MilkBarPerformance, HungryGoron, TatlInterrupts, FasterBankText, GoronVillageOwl, AutomaticCredits, PrincessDelivery, ShortChestOpening, SunMask, Tingle, JimRunning, Kotake, HoldAText, EverythingElse",
      "BossIntros": "Odolwa, Goht, Gyorg, IgosDuIkana, Gomess"
    },
    "QuickTextEnabled": true,
    "Character": "LinkMM",
    "GossipHintStyle": "Competitive",
    "GaroHintStyle": "Competitive",
    "MixGossipAndGaroHints": false,
    "FreeHints": true,
    "FreeGaroHints": true,
    "ClearHints": true,
    "ClearGaroHints": true,
    "ImportanceCount": false,
    "ImportanceCountGaro": false,
    "TolerantGossipStones": true,
    "HintsIndicateImportance": true,
    "OverrideNumberOfRequiredGossipHints": 3,
    "OverrideNumberOfNonRequiredGossipHints": 0,
    "OverrideMaxNumberOfClockTownGossipHints": 1,
    "OverrideNumberOfRequiredGaroHints": 0,
    "OverrideNumberOfNonRequiredGaroHints": 0,
    "OverrideMaxNumberOfClockTownGaroHints": 0,
    "OverrideHintPriorities": [
      [
        "ItemBottleAliens",
        "ItemBottleGoronRace",
        "MaskScents",
        "MaskRomani",
        "HeartPieceBoatArchery"
      ],
      [
        "HeartPieceTerminaGossipStones",
        "HeartPieceSeaHorse",
        "HeartPieceFishermanGame"
      ],
      [
        "ItemIceArrow",
        "ItemBottleMadameAroma",
        "UpgradeMirrorShield",
        "TradeItemKafeiLetter",
        "HeartPieceDogRace",
        "HeartPiecePoeHut",
        "HeartPieceOceanSpiderHouse",
        "MaskStone",
        "MaskBunnyHood",
        "MaskCircusLeader",
        "MaskKamaro",
        "MaskGibdo",
        "MaskGoron",
        "ChestWellLeftPurpleRupee",
        "HeartPieceBank"
      ]
    ],
    "OverrideImportanceIndicatorTiers": [
      0,
      1,
      2
    ],
    "OverrideHintItemCaps": [
      0,
      0,
      0
    ],
    "PreventDowngrades": true,
    "UpdateChests": true,
    "UpdateNPCText": true,
    "OathHint": false,
    "RemainsHint": false,
    "FairyAndSkullHint": true,
    "FixEponaSword": true,
    "EnablePictoboxSubject": true,
    "LenientGoronSpikes": false,
    "KeepQuestTradeThroughTime": true,
    "SpeedupBeavers": true,
    "SpeedupDampe": true,
    "SpeedupDogRace": true,
    "SpeedupLabFish": true,
    "SpeedupBank": true,
    "SpeedupBabyCuccos": true
  }
}
